organizationIdentifier,orgType,location.locationIdentifier,name,division,sourceLink
LightTree,OPERATIONS,LT-1,LightTree,,http://lighttree.com
FAA,CUSTOMER,FAA - Washington,Federal Aviation Administration (FAA),,http://lighttree.com/FAA
COLA,CUSTOMER,COLA - Los Alamos,City of Los Alamos,,http://lighttree.com/COLA
QPWD,CUSTOMER,QPWD - Ville de Québec,Quebec Public Works Department,,http://lighttree.com/QPWD
MAHD,CUSTOMER,MAHD - Boston,Massachusetts Highway Department (Mass Highway),,http://lighttree.com/MAHD
KYTC,CUSTOMER,KYTC - Lexington,Kentucky Transportation Cabinet (KYTC),,http://lighttree.com/KYTC
NYDOT,CUSTOMER,NYDOT - New Rochelle,New York Department of Transportation,,http://lighttree.com/NYDOT
CALTRAN,CUSTOMER,CALTRAN - San Diego,California Department of Transportation (Caltrans),,http://lighttree.com/CALTRAN
AHTD,CUSTOMER,AHTD - Bentonville,Arkansas State Highway and Transportation Dept (AHTD),,http://lighttree.com/AHTD
Alumi-lux,SUPPLIER,Alumi-lux - Nashua,Alumi-lux Metal Products,,http://lighttree.com/Alumi-lux
Amos,SUPPLIER,Amos - Philadelphia,Amos Wire Products Inc,,http://lighttree.com/Amos
Autonomic,SUPPLIER,Autonomic - Morgantown,Autonomic Specialties,,http://lighttree.com/Autonomic
Benchmark,SUPPLIER,Benchmark - Wheaton,Benchmark Lighting,,http://lighttree.com/Benchmark